1,,,,select,,select,select,,First Name cannot be empty,Last Name cannot be empty,Billing Address cannot be empty,Please select a card type,Card number should be a 16-digit number,Please select a Expiry year,Please select a Expiry month,cvv should be a 3-digit number,Please correct the following errors
2,n,,,select,,select,select,,Firstname should be between 2 and 30 characters long,Last Name cannot be empty,Billing Address cannot be empty,Please select a card type,Card number should be a 16-digit number,Please select a Expiry year,Please select a Expiry month,cvv should be a 3-digit number,Please correct the following errors
3,ni,,,select,,select,select,,,Last Name cannot be empty,Billing Address cannot be empty,Please select a card type,Card number should be a 16-digit number,Please select a Expiry year,Please select a Expiry month,cvv should be a 3-digit number,Please correct the following errors
4,nishadnishadnishadnishadnishad,,,select,,select,select,,,Last Name cannot be empty,Billing Address cannot be empty,Please select a card type,Card number should be a 16-digit number,Please select a Expiry year,Please select a Expiry month,cvv should be a 3-digit number,Please correct the following errors
5,nishadnishadnishadnishadnishadd,,,select,,select,select,,Firstname should be between 2 and 30 characters long,Last Name cannot be empty,Billing Address cannot be empty,Please select a card type,Card number should be a 16-digit number,Please select a Expiry year,Please select a Expiry month,cvv should be a 3-digit number,Please correct the following errors
6,1234,,,select,,select,select,,First name should only have alphabets,Last Name cannot be empty,Billing Address cannot be empty,Please select a card type,Card number should be a 16-digit number,Please select a Expiry year,Please select a Expiry month,cvv should be a 3-digit number,Please correct the following errors
7,nish1234,,,select,,select,select,,First name should only have alphabets,Last Name cannot be empty,Billing Address cannot be empty,Please select a card type,Card number should be a 16-digit number,Please select a Expiry year,Please select a Expiry month,cvv should be a 3-digit number,Please correct the following errors
8,nishad,,,select,,select,select,,,Last Name cannot be empty,Billing Address cannot be empty,Please select a card type,Card number should be a 16-digit number,Please select a Expiry year,Please select a Expiry month,cvv should be a 3-digit number,Please correct the following errors
9,NISHAD,,,select,,select,select,,,Last Name cannot be empty,Billing Address cannot be empty,Please select a card type,Card number should be a 16-digit number,Please select a Expiry year,Please select a Expiry month,cvv should be a 3-digit number,Please correct the following errors
10,Nishad,l,,select,,select,select,,,Lastname name should be between 2 and 30 characters long,Billing Address cannot be empty,Please select a card type,Card number should be a 16-digit number,Please select a Expiry year,Please select a Expiry month,cvv should be a 3-digit number,Please correct the following errors
11,Nishad,la,,select,,select,select,,,,Billing Address cannot be empty,Please select a card type,Card number should be a 16-digit number,Please select a Expiry year,Please select a Expiry month,cvv should be a 3-digit number,Please correct the following errors
12,Nishad,ladladladladladladladladladlad,,select,,select,select,,,,Billing Address cannot be empty,Please select a card type,Card number should be a 16-digit number,Please select a Expiry year,Please select a Expiry month,cvv should be a 3-digit number,Please correct the following errors
13,Nishad,ladladladladladladladladladladd,,select,,select,select,,,Lastname name should be between 2 and 30 characters long,Billing Address cannot be empty,Please select a card type,Card number should be a 16-digit number,Please select a Expiry year,Please select a Expiry month,cvv should be a 3-digit number,Please correct the following errors
14,Nishad,1234,,select,,select,select,,,Last name should only have alphabets,Billing Address cannot be empty,Please select a card type,Card number should be a 16-digit number,Please select a Expiry year,Please select a Expiry month,cvv should be a 3-digit number,Please correct the following errors
15,Nishad,lad1234,,select,,select,select,,,Last name should only have alphabets,Billing Address cannot be empty,Please select a card type,Card number should be a 16-digit number,Please select a Expiry year,Please select a Expiry month,cvv should be a 3-digit number,Please correct the following errors
16,Nishad,lad,,select,,select,select,,,,Billing Address cannot be empty,Please select a card type,Card number should be a 16-digit number,Please select a Expiry year,Please select a Expiry month,cvv should be a 3-digit number,Please correct the following errors
17,Nishad,LAD,,select,,select,select,,,,Billing Address cannot be empty,Please select a card type,Card number should be a 16-digit number,Please select a Expiry year,Please select a Expiry month,cvv should be a 3-digit number,Please correct the following errors
18,Nishad,Lad,1001 UTAB,select,,select,select,,,,Billing Address should be between 10 and 60 characters long,Please select a card type,Card number should be a 16-digit number,Please select a Expiry year,Please select a Expiry month,cvv should be a 3-digit number,Please correct the following errors
19,Nishad,Lad,1001 UTA B,select,,select,select,,,,,Please select a card type,Card number should be a 16-digit number,Please select a Expiry year,Please select a Expiry month,cvv should be a 3-digit number,Please correct the following errors
20,Nishad,Lad,1001 UTA B1001 UTA B1001 UTA B1001 UTA B1001 UTA B1001 UTA B,select,,select,select,,,,,Please select a card type,Card number should be a 16-digit number,Please select a Expiry year,Please select a Expiry month,cvv should be a 3-digit number,Please correct the following errors
21,Nishad,Lad,1001 UTA B1001 UTA B1001 UTA B1001 UTA B1001 UTA B1001 UTA BB,select,,select,select,,,,Billing Address should be between 10 and 60 characters long,Please select a card type,Card number should be a 16-digit number,Please select a Expiry year,Please select a Expiry month,cvv should be a 3-digit number,Please correct the following errors
22,Nishad,Lad,1001 UTA Blvd,select,,select,select,,,,,Please select a card type,Card number should be a 16-digit number,Please select a Expiry year,Please select a Expiry month,cvv should be a 3-digit number,Please correct the following errors
23,Nishad,Lad,1001 UTA Blvd,select,,select,select,,,,,Please select a card type,Card number should be a 16-digit number,Please select a Expiry year,Please select a Expiry month,cvv should be a 3-digit number,Please correct the following errors
24,Nishad,Lad,1001 UTA Blvd,amex,,select,select,,,,,,Card number should be a 16-digit number,Please select a Expiry year,Please select a Expiry month,cvv should be a 3-digit number,Please correct the following errors
25,Nishad,Lad,1001 UTA Blvd,visa,,select,select,,,,,,Card number should be a 16-digit number,Please select a Expiry year,Please select a Expiry month,cvv should be a 3-digit number,Please correct the following errors
26,Nishad,Lad,1001 UTA Blvd,master,,select,select,,,,,,Card number should be a 16-digit number,Please select a Expiry year,Please select a Expiry month,cvv should be a 3-digit number,Please correct the following errors
27,Nishad,Lad,1001 UTA Blvd,amex,cardnumber,select,select,,,,,,Card number should be a 16-digit number,Please select a Expiry year,Please select a Expiry month,cvv should be a 3-digit number,Please correct the following errors
28,Nishad,Lad,1001 UTA Blvd,amex,card@number,select,select,,,,,,Card number should be a 16-digit number,Please select a Expiry year,Please select a Expiry month,cvv should be a 3-digit number,Please correct the following errors
29,Nishad,Lad,1001 UTA Blvd,amex,card@number12345,select,select,,,,,,Card number should be a 16-digit number,Please select a Expiry year,Please select a Expiry month,cvv should be a 3-digit number,Please correct the following errors
30,Nishad,Lad,1001 UTA Blvd,amex,123000000000000,select,select,,,,,,Card number should be a 16-digit number,Please select a Expiry year,Please select a Expiry month,cvv should be a 3-digit number,Please correct the following errors
31,Nishad,Lad,1001 UTA Blvd,amex,1230000000000000,select,select,,,,,,,Please select a Expiry year,Please select a Expiry month,cvv should be a 3-digit number,Please correct the following errors
32,Nishad,Lad,1001 UTA Blvd,amex,12300000000000000,select,select,,,,,,Card number should be a 16-digit number,Please select a Expiry year,Please select a Expiry month,cvv should be a 3-digit number,Please correct the following errors
33,Nishad,Lad,1001 UTA Blvd,amex,1230000000000000,select,select,,,,,,,Please select a Expiry year,Please select a Expiry month,cvv should be a 3-digit number,Please correct the following errors
34,Nishad,Lad,1001 UTA Blvd,amex,1230000000000000,2019,select,,,,,,,,Please select a Expiry month,cvv should be a 3-digit number,Please correct the following errors
35,Nishad,Lad,1001 UTA Blvd,amex,1230000000000000,2019,select,,,,,,,,Please select a Expiry month,cvv should be a 3-digit number,Please correct the following errors
36,Nishad,Lad,1001 UTA Blvd,amex,1230000000000000,2019,1,,,,,,,,Card is expired please use another card.,cvv should be a 3-digit number,Please correct the following errors
37,Nishad,Lad,1001 UTA Blvd,amex,1230000000000000,2020,1,,,,,,,,,cvv should be a 3-digit number,Please correct the following errors
38,Nishad,Lad,1001 UTA Blvd,amex,1230000000000000,2019,2,,,,,,,,Card is expired please use another card.,cvv should be a 3-digit number,Please correct the following errors
39,Nishad,Lad,1001 UTA Blvd,amex,1230000000000000,2020,2,,,,,,,,,cvv should be a 3-digit number,Please correct the following errors
40,Nishad,Lad,1001 UTA Blvd,amex,1230000000000000,2019,3,,,,,,,,,cvv should be a 3-digit number,Please correct the following errors
41,Nishad,Lad,1001 UTA Blvd,amex,1230000000000000,2020,3,cvv,,,,,,,,cvv should be a 3-digit number,Please correct the following errors
42,Nishad,Lad,1001 UTA Blvd,amex,1230000000000000,2020,3,cv123,,,,,,,,cvv should be a 3-digit number,Please correct the following errors
43,Nishad,Lad,1001 UTA Blvd,amex,1230000000000000,2020,3,cv@123,,,,,,,,cvv should be a 3-digit number,Please correct the following errors
44,Nishad,Lad,1001 UTA Blvd,amex,1230000000000000,2020,3,12,,,,,,,,cvv should be a 3-digit number,Please correct the following errors
45,Nishad,Lad,1001 UTA Blvd,amex,1230000000000000,2020,3,123,,,,,,,,,
46,Nishad,Lad,1001 UTA Blvd,amex,1230000000000000,2020,3,1234,,,,,,,,cvv should be a 3-digit number,Please correct the following errors
